country_code,country_name,region,consumption_raw,consumption_norm,consumption_pts,healthcare_access_raw,healthcare_access_norm,healthcare_access_pts,gdp_raw,gdp_norm,gdp_pts,neighbor_resistance_raw,neighbor_resistance_norm,neighbor_resistance_pts,travel_raw,travel_norm,travel_pts,outbreak_raw,outbreak_norm,outbreak_pts,blindspot_risk_score
BHS,Bahamas,Americas,0.0,1.0,0.25,0.0,1.0,0.2,0.0,1.0,0.15,0.0,1.0,0.2,0.0,1.0,0.1,8,0.2,0.02,0.92
GMB,Gambia,Africa,0.0,1.0,0.25,0.0,1.0,0.2,0.0,1.0,0.15,0.0,1.0,0.2,0.0,1.0,0.1,6,0.15,0.015,0.915
KNA,Saint Kitts and Nevis,Americas,0.0,1.0,0.25,0.0,1.0,0.2,0.0,1.0,0.15,0.0,1.0,0.2,0.0,1.0,0.1,6,0.15,0.015,0.915
NRU,Nauru,Oceania,0.0,1.0,0.25,0.0,1.0,0.2,0.0,1.0,0.15,0.0,1.0,0.2,0.0,1.0,0.1,3,0.075,0.0075,0.9075
TUV,Tuvalu,Oceania,0.0,1.0,0.25,0.0,1.0,0.2,5337.91,0.9752,0.1463,0.0,1.0,0.2,0.0,1.0,0.1,4,0.1,0.01,0.9063
PLW,Palau,Oceania,0.0,1.0,0.25,0.0,1.0,0.2,14635.8,0.9321,0.1398,0.0,1.0,0.2,0.0,1.0,0.1,6,0.15,0.015,0.9048
FSM,Micronesia,Oceania,0.0,1.0,0.25,0.0,1.0,0.2,0.0,1.0,0.15,0.0,1.0,0.2,0.0,1.0,0.1,0,0.0,0.0,0.9
COD,DR Congo,Africa,0.0,1.0,0.25,0.0,1.0,0.2,0.0,1.0,0.15,0.0,1.0,0.2,0.0,1.0,0.1,0,0.0,0.0,0.9
SOM,Somalia,Africa,0.0,1.0,0.25,34.2,0.658,0.1316,0.0,1.0,0.15,0.0,1.0,0.2,0.0,1.0,0.1,14,0.35,0.035,0.8666
COG,Congo,Africa,0.0,1.0,0.25,43.5,0.565,0.113,0.0,1.0,0.15,0.0,1.0,0.2,0.0,1.0,0.1,19,0.475,0.0475,0.8605
SSD,South Sudan,Africa,0.0,1.0,0.25,38.8,0.612,0.1224,0.0,1.0,0.15,0.0,1.0,0.2,0.0,1.0,0.1,15,0.375,0.0375,0.8599
YEM,Yemen,Asia,0.0,1.0,0.25,49.6,0.504,0.1008,0.0,1.0,0.15,0.0,1.0,0.2,0.0,1.0,0.1,9,0.225,0.0225,0.8233
CPV,Cabo Verde,Africa,0.0,1.0,0.25,0.0,1.0,0.2,4201.93,0.9805,0.1471,0.0,1.0,0.2,247125.86,0.0039,0.0004,7,0.175,0.0175,0.815
LAO,Laos,Asia,0.0,1.0,0.25,44.9,0.551,0.1102,0.0,1.0,0.15,0.0,1.0,0.2,0.0,1.0,0.1,0,0.0,0.0,0.8102
NGA,Nigeria,Africa,0.0,1.0,0.25,51.3,0.487,0.0974,2762.48,0.9872,0.1481,0.0,1.0,0.2,4988476.12,0.0783,0.0078,40,1.0,0.1,0.8033
VCT,Saint Vincent and the Grenadines,Americas,0.0,1.0,0.25,57.5,0.425,0.085,0.0,1.0,0.15,0.0,1.0,0.2,0.0,1.0,0.1,7,0.175,0.0175,0.8025
LCA,Saint Lucia,Americas,0.0,1.0,0.25,62.5,0.375,0.075,0.0,1.0,0.15,0.0,1.0,0.2,0.0,1.0,0.1,10,0.25,0.025,0.8
GRD,Grenada,Americas,0.0,1.0,0.25,58.3,0.417,0.0834,10186.5,0.9527,0.1429,0.0,1.0,0.2,0.0,1.0,0.1,7,0.175,0.0175,0.7938
DMA,Dominica,Americas,0.0,1.0,0.25,58.1,0.419,0.0838,8986.39,0.9583,0.1437,0.0,1.0,0.2,0.0,1.0,0.1,6,0.15,0.015,0.7925
CAF,Central African Republic,Africa,0.0,1.0,0.25,28.6,0.714,0.1428,473.54,0.9978,0.1497,0.0,1.0,0.2,76707.4,0.0012,0.0001,17,0.425,0.0425,0.7851
PRK,North Korea,Asia,0.0,1.0,0.25,62.3,0.377,0.0754,0.0,1.0,0.15,0.0,1.0,0.2,0.0,1.0,0.1,0,0.0,0.0,0.7754
NER,Niger,Africa,0.0,1.0,0.25,41.0,0.59,0.118,597.57,0.9972,0.1496,0.0,1.0,0.2,12314.4,0.0002,0.0,22,0.55,0.055,0.7726
TCD,Chad,Africa,0.0,1.0,0.25,37.7,0.623,0.1246,924.53,0.9957,0.1494,0.0,1.0,0.2,46325.32,0.0007,0.0001,19,0.475,0.0475,0.7716
VNM,Vietnam,Asia,0.0,1.0,0.25,66.3,0.337,0.0674,0.0,1.0,0.15,0.0,1.0,0.2,0.0,1.0,0.1,0,0.0,0.0,0.7674
GIN,Guinea,Africa,0.0,1.0,0.25,38.6,0.614,0.1228,1260.41,0.9942,0.1491,0.0,1.0,0.2,40440.0,0.0006,0.0001,17,0.425,0.0425,0.7645
CIV,Côte d'Ivoire,Africa,15.448261986666664,0.2521,0.063,0.0,1.0,0.2,0.0,1.0,0.15,0.0,1.0,0.2,0.0,1.0,0.1,20,0.5,0.05,0.763
CMR,Cameroon,Africa,0.0,1.0,0.25,44.4,0.556,0.1112,1621.7,0.9925,0.1489,0.0,1.0,0.2,177237.2,0.0028,0.0003,21,0.525,0.0525,0.7629
SMR,San Marino,Europe,0.0,1.0,0.25,0.0,1.0,0.2,51871.7,0.7593,0.1139,0.1038,0.4438,0.0888,0.0,1.0,0.1,4,0.1,0.01,0.7627
TGO,Togo,Africa,0.0,1.0,0.25,44.3,0.557,0.1114,1041.84,0.9952,0.1493,0.0,1.0,0.2,997851.07,0.0157,0.0016,20,0.5,0.05,0.7623
BRN,Brunei,Asia,0.0,1.0,0.25,70.0,0.3,0.06,0.0,1.0,0.15,0.0,1.0,0.2,0.0,1.0,0.1,0,0.0,0.0,0.76
IRN,Iran,Asia,61.27671814525,1.0,0.25,71.1,0.289,0.0578,0.0,1.0,0.15,0.0,1.0,0.2,0.0,1.0,0.1,0,0.0,0.0,0.7578
RUS,Russia,Europe,0.0,1.0,0.25,71.7,0.283,0.0566,0.0,1.0,0.15,0.0,1.0,0.2,0.0,1.0,0.1,0,0.0,0.0,0.7566
ARE,United Arab Emirates,Asia,0.0,1.0,0.25,72.2,0.278,0.0556,45731.86,0.7878,0.1182,0.0,1.0,0.2,61612574.62,0.9674,0.0967,14,0.35,0.035,0.7555
SYR,Syria,Asia,0.0,1.0,0.25,74.6,0.254,0.0508,0.0,1.0,0.15,0.0,1.0,0.2,0.0,1.0,0.1,0,0.0,0.0,0.7508
HTI,Haiti,Americas,0.0,1.0,0.25,38.5,0.615,0.123,1579.49,0.9927,0.1489,0.0,1.0,0.2,39523.25,0.0006,0.0001,11,0.275,0.0275,0.7495
BDI,Burundi,Africa,0.0,1.0,0.25,40.4,0.596,0.1192,260.56,0.9988,0.1498,0.0,1.0,0.2,10340.0,0.0002,0.0,12,0.3,0.03,0.749
AGO,Angola,Africa,0.0,1.0,0.25,40.7,0.593,0.1186,2601.61,0.9879,0.1482,0.0,1.0,0.2,864456.8,0.0136,0.0014,11,0.275,0.0275,0.7457
GHA,Ghana,Africa,0.0,1.0,0.25,49.7,0.503,0.1006,2288.22,0.9894,0.1484,0.0,1.0,0.2,493396.8,0.0077,0.0008,18,0.45,0.045,0.7448
MDG,Madagascar,Africa,0.0,1.0,0.25,43.7,0.563,0.1126,490.44,0.9977,0.1497,0.0,1.0,0.2,280810.55,0.0044,0.0004,11,0.275,0.0275,0.7402
SLE,Sierra Leone,Africa,0.0,1.0,0.25,41.3,0.587,0.1174,838.62,0.9961,0.1494,0.0,1.0,0.2,28437.2,0.0004,0.0,8,0.2,0.02,0.7368
GNB,Guinea-Bissau,Africa,0.0,1.0,0.25,36.3,0.637,0.1274,886.14,0.9959,0.1494,0.0,1.0,0.2,20480.0,0.0003,0.0,4,0.1,0.01,0.7368
MKD,North Macedonia,Europe,0.0,1.0,0.25,0.0,1.0,0.2,7455.97,0.9654,0.1448,0.1444,0.6174,0.1235,183777.2,0.0029,0.0003,7,0.175,0.0175,0.7361
ERI,Eritrea,Africa,0.0,1.0,0.25,38.1,0.619,0.1238,0.0,1.0,0.15,0.0,1.0,0.2,81050.84,0.0013,0.0001,4,0.1,0.01,0.7339
LBR,Liberia,Africa,0.0,1.0,0.25,45.4,0.546,0.1092,697.35,0.9968,0.1495,0.0,1.0,0.2,37940.0,0.0006,0.0001,10,0.25,0.025,0.7338
MWI,Malawi,Africa,0.0,1.0,0.25,47.0,0.53,0.106,607.67,0.9972,0.1496,0.0,1.0,0.2,3460.2,0.0001,0.0,9,0.225,0.0225,0.7281
SLB,Solomon Islands,Oceania,0.0,1.0,0.25,43.1,0.569,0.1138,2018.17,0.9906,0.1486,0.0,1.0,0.2,147781.69,0.0023,0.0002,6,0.15,0.015,0.7276
PAK,Pakistan,Asia,0.0,1.0,0.25,43.1,0.569,0.1138,1404.56,0.9935,0.149,0.1811,0.7743,0.1549,6028278.62,0.0947,0.0095,20,0.5,0.05,0.7272
VUT,Vanuatu,Oceania,0.0,1.0,0.25,43.1,0.569,0.1138,3600.76,0.9833,0.1475,0.0,1.0,0.2,264640.74,0.0042,0.0004,6,0.15,0.015,0.7267
MRT,Mauritania,Africa,0.0,1.0,0.25,52.0,0.48,0.096,1919.9,0.9911,0.1487,0.0,1.0,0.2,283499.16,0.0045,0.0004,12,0.3,0.03,0.7251
FJI,Fiji,Oceania,0.0,1.0,0.25,46.6,0.534,0.1068,5267.96,0.9756,0.1463,0.0,1.0,0.2,1113241.99,0.0175,0.0018,7,0.175,0.0175,0.7224
STP,Sao Tome and Principe,Africa,0.0,1.0,0.25,49.6,0.504,0.1008,2369.1,0.989,0.1483,0.0,1.0,0.2,33618.8,0.0005,0.0,8,0.2,0.02,0.7191
KIR,Kiribati,Oceania,0.0,1.0,0.25,44.9,0.551,0.1102,2001.02,0.9907,0.1486,0.0,1.0,0.2,58926.73,0.0009,0.0001,3,0.075,0.0075,0.7164
DJI,Djibouti,Africa,0.0,1.0,0.25,44.7,0.553,0.1106,3044.5,0.9859,0.1479,0.0,1.0,0.2,128060.0,0.002,0.0002,3,0.075,0.0075,0.7162
COM,Comoros,Africa,0.0,1.0,0.25,47.7,0.523,0.1046,1578.39,0.9927,0.1489,0.0,1.0,0.2,26520.0,0.0004,0.0,5,0.125,0.0125,0.716
GNQ,Equatorial Guinea,Africa,0.0,1.0,0.25,48.4,0.516,0.1032,6778.3,0.9685,0.1453,0.0,1.0,0.2,176998.2,0.0028,0.0003,5,0.125,0.0125,0.7113
SWZ,Eswatini,Africa,0.0,1.0,0.25,0.0,1.0,0.2,3802.68,0.9824,0.1474,0.1171,0.5006,0.1001,29509.84,0.0005,0.0,5,0.125,0.0125,0.71
MHL,Marshall Islands,Oceania,0.0,1.0,0.25,49.8,0.502,0.1004,6104.93,0.9717,0.1458,0.0,1.0,0.2,23770.83,0.0004,0.0,5,0.125,0.0125,0.7087
KGZ,Kyrgyzstan,Asia,0.0,1.0,0.25,60.4,0.396,0.0792,0.0,1.0,0.15,0.1284,0.549,0.1098,0.0,1.0,0.1,6,0.15,0.015,0.704
DZA,Algeria,Africa,0.0,1.0,0.25,63.7,0.363,0.0726,4540.67,0.9789,0.1468,0.0,1.0,0.2,4388805.67,0.0689,0.0069,11,0.275,0.0275,0.7038
NAM,Namibia,Africa,0.0,1.0,0.25,53.7,0.463,0.0926,4319.83,0.98,0.147,0.0,1.0,0.2,84347.61,0.0013,0.0001,3,0.075,0.0075,0.6972
UZB,Uzbekistan,Asia,0.0,1.0,0.25,62.3,0.377,0.0754,2460.31,0.9886,0.1483,0.0,1.0,0.2,3141362.8,0.0493,0.0049,7,0.175,0.0175,0.6961
JAM,Jamaica,Americas,0.0,1.0,0.25,63.7,0.363,0.0726,6224.86,0.9711,0.1457,0.0,1.0,0.2,127620.25,0.002,0.0002,11,0.275,0.0275,0.696
NIC,Nicaragua,Americas,0.0,1.0,0.25,64.3,0.357,0.0714,2193.56,0.9898,0.1485,0.0,1.0,0.2,54686.2,0.0009,0.0001,10,0.25,0.025,0.695
WSM,Samoa,Oceania,0.0,1.0,0.25,62.1,0.379,0.0758,4285.66,0.9801,0.147,0.0,1.0,0.2,31159.6,0.0005,0.0,8,0.2,0.02,0.6928
DOM,Dominican Republic,Americas,0.0,1.0,0.25,62.5,0.375,0.075,8916.0,0.9586,0.1438,0.0,1.0,0.2,320731.6,0.005,0.0005,9,0.225,0.0225,0.6918
IDN,Indonesia,Asia,26.162806117,0.427,0.1068,49.2,0.508,0.1016,4370.99,0.9797,0.147,0.0,1.0,0.2,63686755.71,1.0,0.1,14,0.35,0.035,0.6904
TON,Tonga,Oceania,0.0,1.0,0.25,62.1,0.379,0.0758,5090.72,0.9764,0.1465,0.0,1.0,0.2,60621.4,0.001,0.0001,7,0.175,0.0175,0.6899
MUS,Mauritius,Africa,0.0,1.0,0.25,65.7,0.343,0.0686,10279.66,0.9523,0.1428,0.0,1.0,0.2,980710.0,0.0154,0.0015,10,0.25,0.025,0.6879
TTO,Trinidad and Tobago,Americas,0.0,1.0,0.25,62.1,0.379,0.0758,17853.56,0.9171,0.1376,0.0,1.0,0.2,1493075.4,0.0234,0.0023,8,0.2,0.02,0.6857
BOL,Bolivia,Americas,0.0,1.0,0.25,59.2,0.408,0.0816,4057.81,0.9812,0.1472,0.0,1.0,0.2,4337175.81,0.0681,0.0068,0,0.0,0.0,0.6856
TKM,Turkmenistan,Asia,0.0,1.0,0.25,58.1,0.419,0.0838,4502.07,0.9791,0.1469,0.0,1.0,0.2,1119954.84,0.0176,0.0018,0,0.0,0.0,0.6825
LKA,Sri Lanka,Asia,0.0,1.0,0.25,72.8,0.272,0.0544,3816.91,0.9823,0.1473,0.0,1.0,0.2,2962610.2,0.0465,0.0047,10,0.25,0.025,0.6814
BRB,Barbados,Americas,0.0,1.0,0.25,66.8,0.332,0.0664,22434.38,0.8959,0.1344,0.0,1.0,0.2,3400.0,0.0001,0.0,11,0.275,0.0275,0.6783
SYC,Seychelles,Africa,0.0,1.0,0.25,66.1,0.339,0.0678,16595.83,0.923,0.1384,0.0,1.0,0.2,231162.6,0.0036,0.0004,8,0.2,0.02,0.6766
AFG,Afghanistan,Asia,0.0,1.0,0.25,32.5,0.675,0.135,426.98,0.998,0.1497,0.1284,0.549,0.1098,799559.88,0.0126,0.0013,12,0.3,0.03,0.6758
LIE,Liechtenstein,Europe,0.0,1.0,0.25,0.0,1.0,0.2,185671.87,0.1383,0.0207,0.101,0.4318,0.0864,0.0,1.0,0.1,6,0.15,0.015,0.6721
CUB,Cuba,Americas,0.0,1.0,0.25,73.5,0.265,0.053,9418.77,0.9563,0.1434,0.0,1.0,0.2,171182.08,0.0027,0.0003,10,0.25,0.025,0.6717
MMR,Myanmar,Asia,0.0,1.0,0.25,48.4,0.516,0.1032,1310.03,0.9939,0.1491,0.1637,0.6999,0.14,2474778.07,0.0389,0.0039,10,0.25,0.025,0.6712
LBY,Libya,Africa,0.0,1.0,0.25,69.9,0.301,0.0602,6712.5,0.9688,0.1453,0.0,1.0,0.2,1042190.77,0.0164,0.0016,5,0.125,0.0125,0.6696
SLV,El Salvador,Americas,0.0,1.0,0.25,64.4,0.356,0.0712,4670.85,0.9783,0.1467,0.2081,0.8897,0.1779,2096347.6,0.0329,0.0033,8,0.2,0.02,0.6691
ATG,Antigua and Barbuda,Americas,0.0,1.0,0.25,66.7,0.333,0.0666,18726.05,0.9131,0.137,0.0,1.0,0.2,236602.47,0.0037,0.0004,6,0.15,0.015,0.669
GUY,Guyana,Americas,0.0,1.0,0.25,49.8,0.502,0.1004,12285.92,0.943,0.1414,0.1706,0.7294,0.1459,20067.0,0.0003,0.0,11,0.275,0.0275,0.6652
SVK,Slovakia,Europe,0.0,1.0,0.25,78.6,0.214,0.0428,0.0,1.0,0.15,0.1088,0.4652,0.093,0.0,1.0,0.1,10,0.25,0.025,0.6608
SUR,Suriname,Americas,0.0,1.0,0.25,56.7,0.433,0.0866,5604.26,0.974,0.1461,0.1706,0.7294,0.1459,150145.0,0.0024,0.0002,11,0.275,0.0275,0.6563
KEN,Kenya,Africa,32.48247325725,0.5301,0.1325,48.7,0.513,0.1026,2000.32,0.9907,0.1486,0.0,1.0,0.2,3921937.41,0.0616,0.0062,26,0.65,0.065,0.6549
MOZ,Mozambique,Africa,0.0,1.0,0.25,43.0,0.57,0.114,538.38,0.9975,0.1496,0.1171,0.5006,0.1001,511295.6,0.008,0.0008,15,0.375,0.0375,0.652
MDA,Moldova,Europe,0.0,1.0,0.25,73.1,0.269,0.0538,5319.92,0.9753,0.1463,0.0,1.0,0.2,770133.38,0.0121,0.0012,0,0.0,0.0,0.6513
TZA,Tanzania,Africa,48.123196346424855,0.7853,0.1963,49.9,0.501,0.1002,1154.42,0.9946,0.1492,0.0,1.0,0.2,1440582.64,0.0226,0.0023,0,0.0,0.0,0.648
LSO,Lesotho,Africa,0.0,1.0,0.25,35.7,0.643,0.1286,1003.76,0.9953,0.1493,0.1171,0.5006,0.1001,16380.0,0.0003,0.0,5,0.125,0.0125,0.6405
BHR,Bahrain,Asia,0.0,1.0,0.25,79.0,0.21,0.042,27702.21,0.8714,0.1307,0.0,1.0,0.2,4031800.2,0.0633,0.0063,4,0.1,0.01,0.639
NPL,Nepal,Asia,48.56849813496613,0.7926,0.1982,50.8,0.492,0.0984,1275.68,0.9941,0.1491,0.1811,0.7743,0.1549,2985368.8,0.0469,0.0047,13,0.325,0.0325,0.6378
BLZ,Belize,Americas,0.0,1.0,0.25,58.3,0.417,0.0834,6409.22,0.9703,0.1455,0.1521,0.6503,0.1301,910061.53,0.0143,0.0014,10,0.25,0.025,0.6354
BGD,Bangladesh,Asia,31.275774714175,0.5104,0.1276,51.7,0.483,0.0966,2425.8,0.9887,0.1483,0.2339,1.0,0.2,4978138.85,0.0782,0.0078,22,0.55,0.055,0.6353
PRY,Paraguay,Americas,0.0,1.0,0.25,60.4,0.396,0.0792,5930.79,0.9725,0.1459,0.157,0.6712,0.1342,321168.8,0.005,0.0005,10,0.25,0.025,0.6348
ECU,Ecuador,Americas,0.0,1.0,0.25,61.2,0.388,0.0776,6192.75,0.9713,0.1457,0.1375,0.5879,0.1176,3057686.31,0.048,0.0048,15,0.375,0.0375,0.6332
KHM,Cambodia,Asia,0.0,1.0,0.25,50.7,0.493,0.0986,2245.96,0.9896,0.1484,0.1287,0.5502,0.11,630626.51,0.0099,0.001,9,0.225,0.0225,0.6305
ZWE,Zimbabwe,Africa,0.0,1.0,0.25,48.7,0.513,0.1026,2317.88,0.9892,0.1484,0.1171,0.5006,0.1001,141975.71,0.0022,0.0002,9,0.225,0.0225,0.6238
AZE,Azerbaijan,Asia,0.0,1.0,0.25,64.5,0.355,0.071,5869.47,0.9728,0.1459,0.1492,0.6379,0.1276,1797185.2,0.0282,0.0028,7,0.175,0.0175,0.6148
IRQ,Iraq,Asia,0.0,1.0,0.25,60.1,0.399,0.0798,5464.32,0.9746,0.1462,0.1337,0.5716,0.1143,2857044.6,0.0449,0.0045,8,0.2,0.02,0.6148
KAZ,Kazakhstan,Asia,0.0,1.0,0.25,61.1,0.389,0.0778,10471.4,0.9514,0.1427,0.1284,0.549,0.1098,8668935.91,0.1361,0.0136,7,0.175,0.0175,0.6114
UGA,Uganda,Africa,22.549477885833337,0.368,0.092,42.9,0.571,0.1142,903.22,0.9958,0.1494,0.0,1.0,0.2,19612.4,0.0003,0.0,21,0.525,0.0525,0.6081
BWA,Botswana,Africa,0.0,1.0,0.25,51.1,0.489,0.0978,7491.86,0.9652,0.1448,0.1171,0.5006,0.1001,180897.62,0.0028,0.0003,5,0.125,0.0125,0.6055
URY,Uruguay,Americas,0.0,1.0,0.25,72.0,0.28,0.056,19268.6,0.9106,0.1366,0.157,0.6712,0.1342,586918.8,0.0092,0.0009,11,0.275,0.0275,0.6052
MNG,Mongolia,Asia,0.0,1.0,0.25,58.5,0.415,0.083,4739.71,0.978,0.1467,0.1284,0.549,0.1098,416321.0,0.0065,0.0006,5,0.125,0.0125,0.6026
ZMB,Zambia,Africa,24.067663645,0.3928,0.0982,41.6,0.584,0.1168,1223.13,0.9943,0.1491,0.0,1.0,0.2,142644.58,0.0022,0.0002,13,0.325,0.0325,0.5968
TLS,Timor-Leste,Asia,7.287458784,0.1189,0.0297,51.6,0.484,0.0968,1944.76,0.991,0.1486,0.0,1.0,0.2,0.0,1.0,0.1,7,0.175,0.0175,0.5926
BGR,Bulgaria,Europe,0.0,1.0,0.25,71.4,0.286,0.0572,12787.15,0.9407,0.1411,0.1443,0.6169,0.1234,536922.2,0.0084,0.0008,8,0.2,0.02,0.5925
CRI,Costa Rica,Americas,0.0,1.0,0.25,72.9,0.271,0.0542,13900.47,0.9355,0.1403,0.1246,0.5327,0.1065,1336260.4,0.021,0.0021,14,0.35,0.035,0.5881
BFA,Burkina Faso,Africa,19.710422132,0.3217,0.0804,42.9,0.571,0.1142,837.23,0.9961,0.1494,0.0,1.0,0.2,113334.2,0.0018,0.0002,16,0.4,0.04,0.5842
MAR,Morocco,Africa,0.0,1.0,0.25,61.3,0.387,0.0774,3567.79,0.9834,0.1475,0.0891,0.3809,0.0762,6790930.8,0.1066,0.0107,8,0.2,0.02,0.5818
ALB,Albania,Europe,0.0,1.0,0.25,78.2,0.218,0.0436,7367.49,0.9658,0.1449,0.1444,0.6174,0.1235,266609.6,0.0042,0.0004,7,0.175,0.0175,0.5799
ETH,Ethiopia,Africa,11.33707675275,0.185,0.0462,44.2,0.558,0.1116,910.84,0.9958,0.1494,0.0,1.0,0.2,10136066.2,0.1592,0.0159,21,0.525,0.0525,0.5756
BEN,Benin,Africa,20.805373409375,0.3395,0.0849,43.0,0.57,0.114,1262.05,0.9941,0.1491,0.0,1.0,0.2,73901.82,0.0012,0.0001,11,0.275,0.0275,0.5756
SRB,Serbia,Europe,0.0,1.0,0.25,75.4,0.246,0.0492,9568.28,0.9556,0.1433,0.1223,0.5229,0.1046,2163068.8,0.034,0.0034,10,0.25,0.025,0.5755
AND,Andorra,Europe,0.0,1.0,0.25,94.6,0.054,0.0108,42054.22,0.8048,0.1207,0.0956,0.4087,0.0817,0.0,1.0,0.1,4,0.1,0.01,0.5732
BIH,Bosnia and Herzegovina,Europe,0.0,1.0,0.25,78.2,0.218,0.0436,7173.33,0.9667,0.145,0.1372,0.5866,0.1173,3484.0,0.0001,0.0,6,0.15,0.015,0.5709
LBN,Lebanon,Asia,0.0,1.0,0.25,80.0,0.2,0.04,5128.91,0.9762,0.1464,0.118,0.5045,0.1009,2184880.4,0.0343,0.0034,11,0.275,0.0275,0.5682
EGY,Egypt,Africa,29.876307903232497,0.4876,0.1219,61.0,0.39,0.078,0.0,1.0,0.15,0.118,0.5045,0.1009,0.0,1.0,0.1,5,0.125,0.0125,0.5633
SDN,Sudan,Africa,15.162234528,0.2474,0.0618,50.1,0.499,0.0998,768.68,0.9964,0.1495,0.0,1.0,0.2,960608.64,0.0151,0.0015,16,0.4,0.04,0.5526
TUN,Tunisia,Africa,30.50909008475,0.4979,0.1245,70.1,0.299,0.0598,3728.57,0.9827,0.1474,0.0,1.0,0.2,3062045.4,0.0481,0.0048,5,0.125,0.0125,0.549
PNG,Papua New Guinea,Oceania,13.4740406295,0.2199,0.055,38.6,0.614,0.1228,2736.34,0.9873,0.1481,0.0,1.0,0.2,1404864.2,0.0221,0.0022,8,0.2,0.02,0.5481
SEN,Senegal,Africa,13.228825967866667,0.2159,0.054,44.4,0.556,0.1112,1552.49,0.9928,0.1489,0.0,1.0,0.2,674658.94,0.0106,0.0011,13,0.325,0.0325,0.5477
MCO,Monaco,Europe,0.0,1.0,0.25,0.0,1.0,0.2,215462.77,0.0,0.0,0.102,0.4361,0.0872,14693.4,0.0002,0.0,4,0.1,0.01,0.5472
MLI,Mali,Africa,11.994476153166666,0.1957,0.0489,45.6,0.544,0.1088,994.36,0.9954,0.1493,0.0,1.0,0.2,176547.2,0.0028,0.0003,11,0.275,0.0275,0.5348
GAB,Gabon,Africa,15.261629968999998,0.2491,0.0623,51.4,0.486,0.0972,7688.08,0.9643,0.1446,0.0,1.0,0.2,64345.08,0.001,0.0001,9,0.225,0.0225,0.5267
RWA,Rwanda,Africa,8.662656812,0.1414,0.0354,47.8,0.522,0.1044,907.34,0.9958,0.1494,0.0,1.0,0.2,1181064.85,0.0185,0.0018,10,0.25,0.025,0.516
MDV,Maldives,Asia,22.64228549657143,0.3695,0.0924,75.5,0.245,0.049,10736.79,0.9502,0.1425,0.0,1.0,0.2,944563.61,0.0148,0.0015,9,0.225,0.0225,0.5079
CYP,Cyprus,Asia,29.385578628,0.4796,0.1199,85.3,0.147,0.0294,32030.02,0.8513,0.1277,0.0,1.0,0.2,353455.2,0.0055,0.0006,8,0.2,0.02,0.4976
MLT,Malta,Europe,21.47998183675,0.3505,0.0876,85.1,0.149,0.0298,35782.94,0.8339,0.1251,0.0,1.0,0.2,1576262.55,0.0248,0.0025,9,0.225,0.0225,0.4675
MYS,Malaysia,Asia,17.957006249,0.293,0.0732,66.6,0.334,0.0668,10984.29,0.949,0.1423,0.1287,0.5502,0.11,31837543.27,0.4999,0.05,10,0.25,0.025,0.4673
HND,Honduras,Americas,5.2780852306,0.0861,0.0215,53.9,0.461,0.0922,2755.17,0.9872,0.1481,0.2081,0.8897,0.1779,343200.5,0.0054,0.0005,10,0.25,0.025,0.4652
GEO,Georgia,Asia,21.00162526875,0.3427,0.0857,62.1,0.379,0.0758,5827.85,0.973,0.146,0.1492,0.6379,0.1276,231058.4,0.0036,0.0004,9,0.225,0.0225,0.458
BTN,Bhutan,Asia,11.1505253198,0.182,0.0455,52.7,0.473,0.0946,3576.36,0.9834,0.1475,0.1811,0.7743,0.1549,133526.34,0.0021,0.0002,6,0.15,0.015,0.4577
OMN,Oman,Asia,6.460594046666667,0.1054,0.0264,77.1,0.229,0.0458,19923.97,0.9075,0.1361,0.0,1.0,0.2,6032932.0,0.0947,0.0095,12,0.3,0.03,0.4478
JOR,Jordan,Asia,33.60238698885714,0.5484,0.1371,76.5,0.235,0.047,4642.33,0.9785,0.1468,0.118,0.5045,0.1009,2580256.0,0.0405,0.0041,3,0.075,0.0075,0.4434
LUX,Luxembourg,Europe,0.0,1.0,0.25,89.3,0.107,0.0214,124294.55,0.4231,0.0635,0.09,0.3848,0.077,1693446.98,0.0266,0.0027,10,0.25,0.025,0.4396
TJK,Tajikistan,Asia,20.713612179125,0.338,0.0845,58.6,0.414,0.0828,966.55,0.9955,0.1493,0.1284,0.549,0.1098,419004.22,0.0066,0.0007,3,0.075,0.0075,0.4346
MNE,Montenegro,Europe,29.388740142625,0.4796,0.1199,80.7,0.193,0.0386,9583.39,0.9555,0.1433,0.1372,0.5866,0.1173,324100.07,0.0051,0.0005,5,0.125,0.0125,0.4321
PER,Peru,Americas,9.7596844065,0.1593,0.0398,69.6,0.304,0.0608,7054.33,0.9673,0.1451,0.1419,0.6067,0.1213,13214317.9,0.2075,0.0208,17,0.425,0.0425,0.4303
SGP,Singapore,Asia,9.496114729,0.155,0.0388,86.3,0.137,0.0274,77267.27,0.6414,0.0962,0.0,1.0,0.2,24589971.52,0.3861,0.0386,11,0.275,0.0275,0.4285
QAT,Qatar,Asia,7.1052421106666666,0.116,0.029,85.2,0.148,0.0296,71834.81,0.6666,0.1,0.0,1.0,0.2,25121726.87,0.3945,0.0395,12,0.3,0.03,0.4281
BLR,Belarus,Europe,20.2253219575,0.3301,0.0825,74.4,0.256,0.0512,7352.35,0.9659,0.1449,0.1479,0.6323,0.1265,1617880.4,0.0254,0.0025,7,0.175,0.0175,0.4251
ISL,Iceland,Europe,18.1047440225,0.2955,0.0739,93.6,0.064,0.0128,71685.58,0.6673,0.1001,0.0,1.0,0.2,3022251.44,0.0475,0.0048,9,0.225,0.0225,0.4141
ARM,Armenia,Asia,12.859889561,0.2099,0.0525,67.5,0.325,0.065,5656.43,0.9737,0.1461,0.1492,0.6379,0.1276,401566.8,0.0063,0.0006,8,0.2,0.02,0.4118
SAU,Saudi Arabia,Asia,9.79454474,0.1598,0.04,79.4,0.206,0.0412,32098.69,0.851,0.1276,0.1183,0.5058,0.1012,34707884.23,0.545,0.0545,16,0.4,0.04,0.4045
EST,Estonia,Europe,11.695557586625,0.1909,0.0477,81.4,0.186,0.0372,26902.16,0.8751,0.1313,0.1776,0.7593,0.1519,192285.0,0.003,0.0003,8,0.2,0.02,0.3884
UKR,Ukraine,Europe,12.94241001555,0.2112,0.0528,72.7,0.273,0.0546,4288.97,0.9801,0.147,0.119,0.5088,0.1018,4199086.22,0.0659,0.0066,10,0.25,0.025,0.3878
AUT,Austria,Europe,10.928007197125,0.1783,0.0446,88.2,0.118,0.0236,52233.47,0.7576,0.1136,0.1001,0.428,0.0856,32960540.4,0.5175,0.0518,14,0.35,0.035,0.3542
NOR,Norway,Europe,11.708342561125,0.1911,0.0478,90.5,0.095,0.019,90187.2,0.5814,0.0872,0.0778,0.3326,0.0665,13704133.8,0.2152,0.0215,12,0.3,0.03,0.272
