country,Rank_1_Pathogen_Drug,Rank_1_Resistant_Count,Rank_2_Pathogen_Drug,Rank_2_Resistant_Count,Rank_3_Pathogen_Drug,Rank_3_Resistant_Count,Rank_4_Pathogen_Drug,Rank_4_Resistant_Count,Rank_5_Pathogen_Drug,Rank_5_Resistant_Count
Argentina,Klebsiella pneumoniae + Ampicillin,2116,Escherichia coli + Ampicillin,1623,Staphylococcus aureus + Oxacillin,1316,Klebsiella pneumoniae + Piperacillin-tazobactam,1044,Klebsiella pneumoniae + Cefepime,970
Australia,Klebsiella pneumoniae + Ampicillin,1443,Staphylococcus aureus + Oxacillin,1409,Escherichia coli + Ampicillin,1152,Staphylococcus aureus + Erythromycin,816,Staphylococcus aureus + Levofloxacin,563
Austria,Staphylococcus aureus + Oxacillin,437,Klebsiella pneumoniae + Ampicillin,422,Staphylococcus aureus + Levofloxacin,374,Staphylococcus aureus + Erythromycin,360,Escherichia coli + Ampicillin,338
Belarus,Klebsiella pneumoniae + Cefepime,57,Klebsiella pneumoniae + Ceftazidime,54,Klebsiella pneumoniae + Trimethoprim-sulfamethoxazole,52,Klebsiella pneumoniae + Ceftriaxone,50,Klebsiella pneumoniae + Levofloxacin,49
Belgium,Klebsiella pneumoniae + Ampicillin,2332,Escherichia coli + Ampicillin,2159,Staphylococcus aureus + Erythromycin,1149,Staphylococcus aureus + Levofloxacin,1137,Enterobacter cloacae complex + Amoxicillin-clavulanate,1133
Brazil,Klebsiella pneumoniae + Ampicillin,2199,Staphylococcus aureus + Erythromycin,1573,Escherichia coli + Ampicillin,1466,Klebsiella pneumoniae + Levofloxacin,1360,Klebsiella pneumoniae + Cefepime,1337
Bulgaria,Klebsiella pneumoniae + Ampicillin,314,Escherichia coli + Ampicillin,240,Klebsiella pneumoniae + Cefepime,228,Acinetobacter baumannii + Amikacin,226,Acinetobacter baumannii + Ceftazidime,225
Cambodia,Streptococcus pneumoniae + Cefaclor,24,Streptococcus pneumoniae + Erythromycin,23,Streptococcus pneumoniae + Clarithromycin,22,Streptococcus pneumoniae + Azithromycin,21,Streptococcus pneumoniae + Cefuroxime,21
Cameroon,Escherichia coli + Ampicillin,197,Escherichia coli + Trimethoprim-sulfamethoxazole,191,Klebsiella pneumoniae + Ampicillin,176,Klebsiella pneumoniae + Trimethoprim-sulfamethoxazole,135,Klebsiella pneumoniae + Ceftaroline,117
Canada,Klebsiella pneumoniae + Ampicillin,1956,Escherichia coli + Ampicillin,1571,Enterobacter cloacae complex + Amoxicillin-clavulanate,1341,Enterobacter cloacae complex + Ampicillin,1274,Escherichia coli + Levofloxacin,842
Chile,Klebsiella pneumoniae + Ampicillin,1446,Staphylococcus aureus + Levofloxacin,1098,Staphylococcus aureus + Erythromycin,1082,Escherichia coli + Ampicillin,1067,Staphylococcus aureus + Oxacillin,922
China,Staphylococcus aureus + Erythromycin,4463,Klebsiella pneumoniae + Ampicillin,4352,Escherichia coli + Ampicillin,4117,Staphylococcus aureus + Oxacillin,3050,Escherichia coli + Levofloxacin,2994
Colombia,Klebsiella pneumoniae + Ampicillin,1897,Escherichia coli + Ampicillin,1725,Staphylococcus aureus + Oxacillin,1004,Escherichia coli + Levofloxacin,922,Klebsiella pneumoniae + Piperacillin-tazobactam,734
Costa Rica,Klebsiella pneumoniae + Ampicillin,163,Escherichia coli + Ampicillin,122,Staphylococcus aureus + Oxacillin,116,Escherichia coli + Trimethoprim-sulfamethoxazole,100,Staphylococcus aureus + Erythromycin,72
Cote d'Ivoire,Escherichia coli + Ampicillin,179,Klebsiella pneumoniae + Ampicillin,176,Escherichia coli + Ceftaroline,154,Escherichia coli + Trimethoprim-sulfamethoxazole,154,Klebsiella pneumoniae + Ceftaroline,150
Croatia,Klebsiella pneumoniae + Ampicillin,1092,Acinetobacter baumannii + Ceftazidime,848,Acinetobacter baumannii + Meropenem,837,Acinetobacter baumannii + Piperacillin-tazobactam,824,Acinetobacter baumannii + Amikacin,788
Czech Republic,Klebsiella pneumoniae + Ampicillin,1518,Escherichia coli + Ampicillin,1018,Staphylococcus aureus + Erythromycin,1018,Staphylococcus aureus + Levofloxacin,956,Staphylococcus aureus + Oxacillin,831
Denmark,Klebsiella pneumoniae + Ampicillin,651,Staphylococcus aureus + Oxacillin,571,Escherichia coli + Ampicillin,491,Enterobacter cloacae complex + Amoxicillin-clavulanate,412,Enterobacter cloacae complex + Ampicillin,372
Dominican Republic,Klebsiella pneumoniae + Ampicillin,186,Staphylococcus aureus + Erythromycin,179,Escherichia coli + Ampicillin,162,Staphylococcus aureus + Oxacillin,151,Escherichia coli + Ciprofloxacin,134
Egypt,Escherichia coli + Ampicillin,83,Klebsiella pneumoniae + Ampicillin,76,Escherichia coli + Ceftriaxone,65,Klebsiella pneumoniae + Ceftriaxone,64,Escherichia coli + Levofloxacin,62
El Salvador,Escherichia coli + Ampicillin,72,Klebsiella pneumoniae + Ampicillin,62,Escherichia coli + Levofloxacin,59,Staphylococcus aureus + Levofloxacin,47,Escherichia coli + Ceftriaxone,46
Estonia,Citrobacter freundii + Amoxicillin-clavulanate,10,Citrobacter freundii + Ampicillin,9,Citrobacter freundii + Ceftazidime,5,Citrobacter freundii + Ceftriaxone,5,Citrobacter freundii + Piperacillin-tazobactam,4
Finland,Klebsiella pneumoniae + Ampicillin,211,Escherichia coli + Ampicillin,189,Enterobacter cloacae complex + Amoxicillin-clavulanate,147,Enterobacter cloacae complex + Ampicillin,133,Klebsiella oxytoca + Ampicillin,112
France,Klebsiella pneumoniae + Ampicillin,4420,Escherichia coli + Ampicillin,4070,Enterobacter cloacae complex + Amoxicillin-clavulanate,3132,Enterobacter cloacae complex + Ampicillin,2947,Staphylococcus aureus + Levofloxacin,2842
Germany,Klebsiella pneumoniae + Ampicillin,3682,Escherichia coli + Ampicillin,3520,Enterobacter cloacae complex + Amoxicillin-clavulanate,2756,Staphylococcus aureus + Levofloxacin,2681,Enterobacter cloacae complex + Ampicillin,2602
Ghana,Escherichia coli + Ampicillin,75,Escherichia coli + Trimethoprim-sulfamethoxazole,63,Escherichia coli + Ceftaroline,47,Escherichia coli + Aztreonam,41,Escherichia coli + Ciprofloxacin,40
Greece,Klebsiella pneumoniae + Ampicillin,1683,Acinetobacter baumannii + Meropenem,1407,Klebsiella pneumoniae + Cefepime,1196,Klebsiella pneumoniae + Levofloxacin,1188,Staphylococcus aureus + Oxacillin,1185
Guatemala,Escherichia coli + Ampicillin,777,Klebsiella pneumoniae + Ampicillin,751,Escherichia coli + Levofloxacin,546,Acinetobacter baumannii + Meropenem,539,Acinetobacter baumannii + Amikacin,471
Honduras,Escherichia coli + Ampicillin,72,Klebsiella pneumoniae + Ampicillin,72,Klebsiella pneumoniae + Ceftriaxone,64,Escherichia coli + Levofloxacin,46,Acinetobacter baumannii + Ceftazidime,43
Hong Kong,Escherichia coli + Ampicillin,356,Klebsiella pneumoniae + Ampicillin,349,Escherichia coli + Levofloxacin,190,Staphylococcus aureus + Levofloxacin,163,Streptococcus pneumoniae + Erythromycin,136
Hungary,Klebsiella pneumoniae + Ampicillin,1258,Staphylococcus aureus + Oxacillin,1200,Staphylococcus aureus + Erythromycin,1183,Staphylococcus aureus + Levofloxacin,1062,Escherichia coli + Ampicillin,883
India,Klebsiella pneumoniae + Ampicillin,3095,Escherichia coli + Ampicillin,2583,Escherichia coli + Levofloxacin,2220,Klebsiella pneumoniae + Ceftaroline,2198,Klebsiella pneumoniae + Ceftazidime,2147
Indonesia,Escherichia coli + Ampicillin,19,Escherichia coli + Levofloxacin,16,Escherichia coli + Minocycline,14,Pseudomonas aeruginosa + Levofloxacin,14,Escherichia coli + Ceftriaxone,12
Ireland,Escherichia coli + Ampicillin,790,Klebsiella pneumoniae + Ampicillin,712,Enterobacter cloacae complex + Amoxicillin-clavulanate,488,Enterobacter cloacae complex + Ampicillin,467,Escherichia coli + Levofloxacin,435
Israel,Klebsiella pneumoniae + Ampicillin,1849,Escherichia coli + Ampicillin,1507,Staphylococcus aureus + Levofloxacin,1442,Staphylococcus aureus + Oxacillin,1396,Staphylococcus aureus + Erythromycin,1344
Italy,Klebsiella pneumoniae + Ampicillin,5529,Escherichia coli + Ampicillin,4868,Staphylococcus aureus + Levofloxacin,3697,Escherichia coli + Levofloxacin,3531,Klebsiella pneumoniae + Cefepime,3170
Jamaica,Klebsiella pneumoniae + Ampicillin,23,Klebsiella pneumoniae + Ceftriaxone,21,Klebsiella pneumoniae + Levofloxacin,21,Escherichia coli + Ampicillin,20,Enterobacter cloacae complex + Ampicillin,18
Japan,Staphylococcus aureus + Erythromycin,1063,Staphylococcus aureus + Levofloxacin,1009,Staphylococcus aureus + Oxacillin,1006,Klebsiella pneumoniae + Ampicillin,598,Staphylococcus aureus + Moxifloxacin,585
Jordan,Klebsiella pneumoniae + Ampicillin,327,Escherichia coli + Ampicillin,283,Acinetobacter baumannii + Meropenem,203,Acinetobacter baumannii + Ceftazidime,202,Acinetobacter baumannii + Piperacillin-tazobactam,199
Kenya,Escherichia coli + Ampicillin,161,Klebsiella pneumoniae + Ampicillin,116,Escherichia coli + Ceftaroline,98,Escherichia coli + Levofloxacin,96,Escherichia coli + Aztreonam,93
Kuwait,Klebsiella pneumoniae + Ampicillin,1331,Staphylococcus aureus + Oxacillin,1083,Escherichia coli + Ampicillin,1032,Staphylococcus aureus + Levofloxacin,758,Staphylococcus aureus + Erythromycin,729
Latvia,Klebsiella pneumoniae + Ampicillin,320,Acinetobacter baumannii + Piperacillin-tazobactam,227,Acinetobacter baumannii + Meropenem,225,Escherichia coli + Ampicillin,204,Acinetobacter baumannii + Cefepime,203
Lebanon,Klebsiella spp. + Ampicillin,25,Escherichia coli + Ampicillin,21,Enterobacter spp. + Amoxicillin-clavulanate,17,Acinetobacter spp. + Ceftazidime,15,Enterobacter spp. + Ampicillin,15
Lithuania,Klebsiella pneumoniae + Ampicillin,465,Acinetobacter baumannii + Meropenem,397,Acinetobacter baumannii + Amikacin,385,Acinetobacter baumannii + Ciprofloxacin,375,Acinetobacter baumannii + Imipenem,372
Malawi,Escherichia coli + Ampicillin,60,Escherichia coli + Trimethoprim-sulfamethoxazole,58,Escherichia coli + Ceftaroline,55,Klebsiella pneumoniae + Ampicillin,54,Klebsiella pneumoniae + Trimethoprim-sulfamethoxazole,52
Malaysia,Klebsiella pneumoniae + Ampicillin,803,Escherichia coli + Ampicillin,515,Staphylococcus aureus + Levofloxacin,423,Staphylococcus aureus + Oxacillin,410,Acinetobacter baumannii + Meropenem,389
Mauritius,Escherichia coli + Ampicillin,13,Enterobacter cloacae complex + Amoxicillin-clavulanate,10,Enterobacter cloacae complex + Ampicillin,10,Enterobacter cloacae complex + Ceftriaxone,9,Streptococcus agalactiae + Minocycline,9
Mexico,Escherichia coli + Ampicillin,3383,Klebsiella pneumoniae + Ampicillin,2990,Escherichia coli + Levofloxacin,2653,Staphylococcus aureus + Levofloxacin,2025,Escherichia coli + Cefepime,1842
Morocco,Klebsiella pneumoniae + Ampicillin,693,Escherichia coli + Ampicillin,503,Acinetobacter baumannii + Ceftazidime,400,Acinetobacter baumannii + Piperacillin-tazobactam,395,Acinetobacter baumannii + Meropenem,382
Namibia,Escherichia coli + Ampicillin,22,Klebsiella pneumoniae + Ampicillin,17,Enterobacter cloacae complex + Amoxicillin-clavulanate,9,Escherichia coli + Minocycline,9,Streptococcus agalactiae + Minocycline,9
Netherlands,Klebsiella pneumoniae + Ampicillin,649,Escherichia coli + Ampicillin,443,Enterobacter cloacae complex + Amoxicillin-clavulanate,428,Enterobacter cloacae complex + Ampicillin,394,Serratia marcescens + Amoxicillin-clavulanate,219
New Zealand,Klebsiella pneumoniae + Ampicillin,191,Escherichia coli + Ampicillin,175,Escherichia coli + Trimethoprim-sulfamethoxazole,94,Staphylococcus aureus + Oxacillin,65,Escherichia coli + Ceftaroline,57
Nicaragua,Escherichia coli + Ampicillin,17,Escherichia coli + Levofloxacin,12,Klebsiella pneumoniae + Ampicillin,7,Escherichia coli + Minocycline,6,Enterobacter cloacae complex + Amoxicillin-clavulanate,4
Nigeria,Escherichia coli + Ampicillin,959,Klebsiella pneumoniae + Ampicillin,938,Escherichia coli + Trimethoprim-sulfamethoxazole,818,Klebsiella pneumoniae + Ceftaroline,770,Escherichia coli + Levofloxacin,762
Norway,Enterobacter cloacae complex + Amoxicillin-clavulanate,17,Enterobacter cloacae complex + Ampicillin,15,Klebsiella pneumoniae + Ampicillin,14,Enterococcus faecalis + Imipenem,11,Streptococcus agalactiae + Minocycline,9
Oman,Klebsiella pneumoniae + Ampicillin,23,Escherichia coli + Ampicillin,17,Enterobacter cloacae complex + Ampicillin,16,Enterobacter cloacae complex + Amoxicillin-clavulanate,15,Escherichia coli + Levofloxacin,11
Pakistan,Escherichia coli + Ampicillin,135,Streptococcus pneumoniae + Clarithromycin,134,Klebsiella pneumoniae + Ampicillin,125,Escherichia coli + Levofloxacin,109,Escherichia coli + Ceftriaxone,103
Panama,Klebsiella pneumoniae + Ampicillin,628,Escherichia coli + Ampicillin,451,Escherichia coli + Levofloxacin,374,Acinetobacter baumannii + Levofloxacin,248,Klebsiella pneumoniae + Levofloxacin,248
Philippines,Staphylococcus aureus + Oxacillin,1496,Klebsiella pneumoniae + Ampicillin,1464,Escherichia coli + Ampicillin,1179,Escherichia coli + Levofloxacin,743,Klebsiella pneumoniae + Ceftaroline,620
Poland,Klebsiella pneumoniae + Ampicillin,1303,Escherichia coli + Ampicillin,982,Klebsiella pneumoniae + Cefepime,935,Klebsiella pneumoniae + Ceftazidime,887,Klebsiella pneumoniae + Levofloxacin,856
Portugal,Staphylococcus aureus + Levofloxacin,2174,Klebsiella pneumoniae + Ampicillin,2147,Staphylococcus aureus + Erythromycin,1767,Staphylococcus aureus + Oxacillin,1721,Escherichia coli + Ampicillin,1448
Puerto Rico,Klebsiella pneumoniae + Ampicillin,22,Klebsiella pneumoniae + Ceftriaxone,19,Klebsiella pneumoniae + Amoxicillin-clavulanate,18,Escherichia coli + Ampicillin,14,Klebsiella pneumoniae + Piperacillin-tazobactam,13
Qatar,Klebsiella pneumoniae + Ampicillin,178,Staphylococcus aureus + Oxacillin,158,Escherichia coli + Ampicillin,130,Pseudomonas aeruginosa + Imipenem,110,Staphylococcus aureus + Levofloxacin,107
Romania,Klebsiella pneumoniae + Ampicillin,1223,Staphylococcus aureus + Erythromycin,910,Escherichia coli + Ampicillin,785,Klebsiella pneumoniae + Levofloxacin,680,Staphylococcus aureus + Oxacillin,674
Russia,Klebsiella pneumoniae + Cefepime,1778,Klebsiella pneumoniae + Ampicillin,1575,Klebsiella pneumoniae + Aztreonam,1365,Klebsiella pneumoniae + Ceftazidime,1339,Klebsiella pneumoniae + Levofloxacin,1303
Saudi Arabia,Klebsiella pneumoniae + Ampicillin,280,Escherichia coli + Ampicillin,221,Acinetobacter baumannii + Piperacillin-tazobactam,162,Acinetobacter baumannii + Meropenem,160,Enterobacter cloacae complex + Ampicillin,159
Serbia,Streptococcus pneumoniae + CEFACLOR,62,Streptococcus pneumoniae + AZITHROMYCIN,57,Streptococcus pneumoniae + CLARITHROMYCIN,57,Streptococcus pneumoniae + CEFUROXIME,52,Streptococcus pneumoniae + AMOXICILLIN,23
Singapore,Klebsiella pneumoniae + Ampicillin,214,Enterobacter cloacae complex + Ampicillin,164,Enterobacter cloacae complex + Amoxicillin-clavulanate,159,Escherichia coli + Ampicillin,157,Acinetobacter baumannii + Piperacillin-tazobactam,99
Slovakia,Klebsiella pneumoniae + Ampicillin,110,Enterobacter cloacae complex + Amoxicillin-clavulanate,99,Enterobacter cloacae complex + Ampicillin,88,Klebsiella pneumoniae + Amoxicillin-clavulanate,72,Escherichia coli + Ampicillin,69
Slovenia,Escherichia coli + Ampicillin,189,Klebsiella pneumoniae + Ampicillin,181,Enterobacter cloacae complex + Amoxicillin-clavulanate,136,Enterobacter cloacae complex + Ampicillin,127,Escherichia coli + Levofloxacin,104
South Africa,Klebsiella pneumoniae + Ampicillin,1650,Escherichia coli + Ampicillin,1339,Klebsiella pneumoniae + Ceftaroline,787,Klebsiella pneumoniae + Cefepime,767,Staphylococcus aureus + Levofloxacin,753
South Korea,Escherichia coli + Ampicillin,1774,Staphylococcus aureus + Oxacillin,1578,Klebsiella pneumoniae + Ampicillin,1543,Staphylococcus aureus + Levofloxacin,1407,Staphylococcus aureus + Erythromycin,1305
Spain,Klebsiella pneumoniae + Ampicillin,5542,Escherichia coli + Ampicillin,5219,Staphylococcus aureus + Levofloxacin,3899,Enterobacter cloacae complex + Amoxicillin-clavulanate,3265,Enterobacter cloacae complex + Ampicillin,3050
Sweden,Klebsiella pneumoniae + Ampicillin,537,Enterobacter cloacae complex + Amoxicillin-clavulanate,401,Escherichia coli + Ampicillin,400,Enterobacter cloacae complex + Ampicillin,368,Staphylococcus aureus + Oxacillin,286
Switzerland,Klebsiella pneumoniae + Ampicillin,498,Escherichia coli + Ampicillin,482,Enterobacter cloacae complex + Amoxicillin-clavulanate,372,Enterobacter cloacae complex + Ampicillin,350,Serratia marcescens + Amoxicillin-clavulanate,229
Taiwan,Staphylococcus aureus + Erythromycin,1634,Staphylococcus aureus + Oxacillin,1614,Klebsiella pneumoniae + Ampicillin,1584,Escherichia coli + Ampicillin,1402,Staphylococcus aureus + Levofloxacin,1103
Thailand,Klebsiella pneumoniae + Ampicillin,1557,Escherichia coli + Ampicillin,1328,Staphylococcus aureus + Erythromycin,1172,Staphylococcus aureus + Levofloxacin,1149,Staphylococcus aureus + Oxacillin,1094
Tunisia,Streptococcus pneumoniae + Azithromycin,117,Streptococcus pneumoniae + Clarithromycin,97,Streptococcus pneumoniae + Erythromycin,93,Streptococcus pneumoniae + Cefaclor,91,Enterobacter cloacae complex + Amoxicillin-clavulanate,87
Turkey,Klebsiella pneumoniae + Ampicillin,1728,Escherichia coli + Ampicillin,1479,Acinetobacter baumannii + Meropenem,1413,Klebsiella pneumoniae + Cefepime,1226,Acinetobacter baumannii + Cefepime,1205
Uganda,Escherichia coli + Ampicillin,87,Escherichia coli + Trimethoprim-sulfamethoxazole,85,Escherichia coli + Ceftaroline,77,Escherichia coli + Aztreonam,70,Escherichia coli + Ciprofloxacin,69
Ukraine,Klebsiella pneumoniae + Ampicillin,412,Klebsiella pneumoniae + Ceftaroline,363,Pseudomonas aeruginosa + Imipenem,346,Klebsiella pneumoniae + Ceftazidime,340,Klebsiella pneumoniae + Ciprofloxacin,339
United Arab Emirates,Streptococcus pneumoniae + Tetracycline,28,Streptococcus pneumoniae + Cefotaxime,25,Streptococcus pneumoniae + Cefaclor,24,Streptococcus pneumoniae + Penicillin,23,Streptococcus pneumoniae + Cefuroxime,22
United Kingdom,Klebsiella pneumoniae + Ampicillin,1431,Escherichia coli + Ampicillin,1373,Staphylococcus aureus + Oxacillin,1051,Staphylococcus aureus + Erythromycin,930,Staphylococcus aureus + Levofloxacin,922
United States,Staphylococcus aureus + Erythromycin,16810,Staphylococcus aureus + Levofloxacin,16718,Klebsiella pneumoniae + Ampicillin,14142,Escherichia coli + Ampicillin,11472,Escherichia coli + Levofloxacin,9813
Venezuela,Escherichia coli + Ampicillin,1264,Klebsiella pneumoniae + Ampicillin,1240,Staphylococcus aureus + Oxacillin,1213,Escherichia coli + Levofloxacin,994,Staphylococcus aureus + Erythromycin,909
Vietnam,Streptococcus pneumoniae + Cefaclor,282,Streptococcus pneumoniae + Azithromycin,278,Streptococcus pneumoniae + Clarithromycin,272,Streptococcus pneumoniae + Cefuroxime,262,Streptococcus pneumoniae + Erythromycin,191
