Country,C1_raw,C2_raw,C3_raw,C4_raw,C1_norm,C2_norm,C3_norm,C4_norm,SCS,Tier,MapCountry,ISO3
United States,265158,22,358,168,1.0,1.0,1.0,1.0,1.0,Tier 1,United States of America,USA
Germany,68381,21,288,155,0.2578877499453156,0.9545454545454546,0.8044692737430168,0.9226190476190476,0.6759110607359573,Tier 2,Germany,DEU
France,69030,21,281,155,0.2603353472269364,0.9545454545454546,0.7849162011173184,0.9226190476190476,0.672857105259385,Tier 2,France,FRA
Spain,72694,21,252,156,0.2741535235595381,0.9545454545454546,0.7039106145251397,0.9285714285714286,0.662385206800217,Tier 2,Spain,ESP
Italy,64761,21,195,160,0.2442355124114678,0.9545454545454546,0.5446927374301676,0.9523809523809524,0.6236417560508265,Tier 2,Italy,ITA
Belgium,32339,21,270,126,0.1219612457478182,0.9545454545454546,0.7541899441340782,0.75,0.5923880612021883,Tier 2,Belgium,BEL
United Kingdom,21626,21,196,140,0.0815589195875666,0.9545454545454546,0.547486033519553,0.8333333333333334,0.5494064649231953,Tier 2,United Kingdom,GBR
Hungary,19238,21,214,132,0.0725529684188295,0.9545454545454546,0.5977653631284916,0.7857142857142857,0.5491673907930679,Tier 2,Hungary,HUN
Czech Republic,20855,19,232,145,0.0786512192730372,0.8636363636363636,0.6480446927374302,0.8630952380952381,0.5456920600982439,Tier 2,Czechia,CZE
Canada,28778,21,142,128,0.1085315170577542,0.9545454545454546,0.3966480446927374,0.7619047619047619,0.5179649905581121,Tier 2,Canada,CAN
Australia,19496,21,180,101,0.0735259731933413,0.9545454545454546,0.5027932960893855,0.6011904761904762,0.5028349576277543,Tier 2,Australia,AUS
Greece,19147,21,133,130,0.0722097768123156,0.9545454545454546,0.3715083798882682,0.7738095238095238,0.502010162797029,Tier 2,Greece,GRC
Sweden,10301,21,178,106,0.038848535590101,0.9545454545454546,0.4972067039106145,0.6309523809523809,0.4940448217451518,Tier 2,Sweden,SWE
China,37034,21,149,83,0.1396676698421318,0.9545454545454546,0.4162011173184357,0.494047619047619,0.4925946871292125,Tier 2,China,CHN
Turkey,19944,20,140,121,0.0752155318715633,0.9090909090909092,0.3910614525139664,0.7202380952380952,0.4853007136708274,Tier 2,Turkey,
Mexico,25939,20,134,114,0.0978246932017891,0.9090909090909092,0.3743016759776536,0.6785714285714286,0.4836119648291439,Tier 2,Mexico,MEX
Portugal,21204,21,132,104,0.0799674156540628,0.9545454545454546,0.3687150837988827,0.6190476190476191,0.4809523914594777,Tier 2,Portugal,PRT
Argentina,18924,21,120,113,0.0713687688095399,0.9545454545454546,0.3351955307262569,0.6726190476190477,0.4792746687350838,Tier 2,Argentina,ARG
Brazil,17316,21,140,96,0.0653044599823501,0.9545454545454546,0.3910614525139664,0.5714285714285714,0.4731467735745379,Tier 2,Brazil,BRA
Israel,18761,20,130,103,0.0707540409868832,0.9090909090909092,0.3631284916201117,0.6130952380952381,0.4620811711109899,Tier 2,Israel,ISR
Chile,13791,21,122,99,0.0520104994003575,0.9545454545454546,0.3407821229050279,0.5892857142857143,0.4611165928776242,Tier 2,Chile,CHL
Ireland,10332,21,134,96,0.0389654470164958,0.9545454545454546,0.3743016759776536,0.5714285714285714,0.4605761637292263,Tier 2,Ireland,IRL
Colombia,15737,20,121,104,0.0593495199088845,0.9090909090909092,0.3379888268156424,0.6190476190476191,0.4539545129156536,Tier 2,Colombia,COL
South Korea,17443,20,124,87,0.0657834196969354,0.9090909090909092,0.3463687150837989,0.5178571428571429,0.4427037840665312,Tier 2,Republic of Korea,KOR
South Africa,14993,21,112,79,0.0565436456754086,0.9545454545454546,0.3128491620111732,0.4702380952380952,0.4392594590379782,Tier 2,South Africa,ZAF
Denmark,8533,20,91,90,0.0321808129492604,0.9090909090909092,0.2541899441340782,0.5357142857142857,0.4151856889434723,Tier 2,Denmark,DNK
Thailand,14022,17,150,90,0.0528816780938157,0.7727272727272727,0.4189944134078212,0.5357142857142857,0.4144827946897244,Tier 2,Thailand,THA
Venezuela,10983,20,111,73,0.0414205869707872,0.9090909090909092,0.3100558659217877,0.4345238095238095,0.4144142227799772,Tier 2,Venezuela,VEN
Netherlands,8606,20,97,77,0.0324561205017385,0.9090909090909092,0.2709497206703911,0.4583333333333333,0.4070268590369594,Tier 2,Netherlands,NLD
Romania,9916,18,107,96,0.0373965711010039,0.8181818181818182,0.2988826815642458,0.5714285714285714,0.4040341673670317,Tier 2,Romania,ROU
Philippines,12394,17,118,90,0.0467419425399196,0.7727272727272727,0.329608938547486,0.5357142857142857,0.3944567922737937,Tier 2,Philippines,PHL
Taiwan,15874,18,110,72,0.0598661929868229,0.8181818181818182,0.3072625698324022,0.4285714285714285,0.3921459412521282,Tier 2,Taiwan,TWN
Switzerland,7955,19,86,78,0.0300009805474471,0.8636363636363636,0.2402234636871508,0.4642857142857143,0.3872788021628029,Tier 2,Switzerland,CHE
Panama,5098,19,74,84,0.0192262726374463,0.8636363636363636,0.2067039106145251,0.5,0.3821608866369204,Tier 2,Panama,PAN
India,17706,17,99,80,0.0667752811531238,0.7727272727272727,0.276536312849162,0.4761904761904761,0.381925364220179,Tier 2,India,IND
Poland,12890,16,99,98,0.0486125253622368,0.7272727272727273,0.276536312849162,0.5833333333333334,0.3780034646284335,Tier 2,Poland,POL
Croatia,10488,18,80,80,0.0395537754848052,0.8181818181818182,0.2234636871508379,0.4761904761904761,0.3754196757329663,Tier 2,Croatia,HRV
Guatemala,6042,19,69,76,0.0227864141379856,0.8636363636363636,0.1927374301675977,0.4523809523809524,0.3734707829298664,Tier 2,Guatemala,GTM
Slovenia,3630,17,122,74,0.0136899508972009,0.7727272727272727,0.3407821229050279,0.4404761904761904,0.3708375177846362,Tier 2,Slovenia,SVN
Finland,3506,19,69,52,0.0132223051916215,0.8636363636363636,0.1927374301675977,0.3095238095238095,0.3486947733700676,Tier 2,Finland,FIN
Latvia,3208,18,59,68,0.0120984469636971,0.8181818181818182,0.164804469273743,0.4047619047619047,0.3433641814608738,Tier 2,Latvia,LVA
Kuwait,12030,15,77,66,0.0453691761138641,0.6818181818181818,0.2150837988826815,0.3928571428571428,0.3223699973904147,Tier 2,Kuwait,KWT
Japan,9425,13,127,66,0.0355448449603632,0.5909090909090909,0.3547486033519553,0.3928571428571428,0.3195917151078169,Tier 2,Japan,JPN
Lithuania,4646,16,60,66,0.017521628613883,0.7272727272727273,0.1675977653631284,0.3928571428571428,0.3167625126978743,Tier 2,Lithuania,LTU
New Zealand,2894,14,109,52,0.0109142473544075,0.6363636363636364,0.3044692737430167,0.3095238095238095,0.3020515036603083,Tier 2,New Zealand,NZL
Singapore,2286,15,53,68,0.0086212748625347,0.6818181818181818,0.1480446927374301,0.4047619047619047,0.2978861250091134,Tier 3,Singapore,SGP
Hong Kong,3313,15,72,54,0.0124944372789054,0.6818181818181818,0.2011173184357542,0.3214285714285714,0.297356256994508,Tier 3,Hong Kong,HKG
Malaysia,6512,14,77,60,0.0245589422155846,0.6363636363636364,0.2150837988826815,0.3571428571428571,0.2960929090325104,Tier 3,Malaysia,MYS
Morocco,5333,14,66,60,0.0201125366762458,0.6363636363636364,0.1843575418994413,0.3571428571428571,0.2883914156970937,Tier 3,Morocco,MAR
Austria,5080,12,70,79,0.0191583885834106,0.5454545454545454,0.1955307262569832,0.4702380952380952,0.2799836591776683,Tier 3,Austria,AUT
Jordan,2566,15,41,49,0.0096772490364235,0.6818181818181818,0.1145251396648044,0.2916666666666667,0.2745875196411637,Tier 3,Jordan,JOR
Russia,16971,8,101,79,0.0640033489466657,0.3636363636363636,0.2821229050279329,0.4702380952380952,0.2584523765135429,Tier 3,Russian Federation,RUS
Ukraine,3554,12,60,40,0.0134033293357168,0.5454545454545454,0.1675977653631284,0.238095238095238,0.2375613676907759,Tier 3,Ukraine,UKR
Bulgaria,2988,10,49,60,0.0112687529699273,0.4545454545454545,0.1368715083798882,0.3571428571428571,0.2212534301505171,Tier 3,Bulgaria,BGR
Nigeria,4829,9,81,38,0.018211783163246,0.4090909090909091,0.2262569832402234,0.2261904761904762,0.2082813649110249,Tier 3,Nigeria,NGA
Saudi Arabia,2309,10,48,47,0.008708015598247,0.4545454545454545,0.1340782122905028,0.2797619047619047,0.2081913699954091,Tier 3,Saudi Arabia,SAU
Tunisia,1046,11,19,51,0.0039448178067416,0.5,0.053072625698324,0.3035714285714285,0.2075309256577386,Tier 3,Tunisia,TUN
Slovakia,1286,9,39,59,0.0048499385272177,0.4090909090909091,0.1089385474860335,0.3511904761904761,0.198891032137577,Tier 3,Slovakia,SVK
Pakistan,1465,10,31,47,0.0055250077312394,0.4545454545454545,0.0865921787709497,0.2797619047619047,0.1975801105380458,Tier 3,Pakistan,PAK
Dominican Republic,1643,9,61,34,0.0061963055989259,0.4090909090909091,0.1703910614525139,0.2023809523809523,0.1893313348345424,Tier 3,Dominican Republic,DOM
Costa Rica,1646,7,62,44,0.0062076196079318,0.3181818181818182,0.1731843575418994,0.2619047619047619,0.1715497981114157,Tier 3,Costa Rica,CRI
Kenya,834,8,36,26,0.0031452945036544,0.3636363636363636,0.1005586592178771,0.1547619047619047,0.1535177797250492,Tier 3,Kenya,KEN
Qatar,1419,6,61,22,0.0053515262598149,0.2727272727272727,0.1703910614525139,0.1309523809523809,0.1374122854424769,Tier 3,Qatar,QAT
Vietnam,927,7,20,22,0.0034960287828389,0.3181818181818182,0.0558659217877094,0.1309523809523809,0.1274941970289381,Tier 3,Viet Nam,VNM
Cote d'Ivoire,909,5,39,23,0.0034281447288032,0.2272727272727272,0.1089385474860335,0.1369047619047619,0.1117050926198202,Tier 3,Cote d'Ivoire,CIV
Cameroon,788,5,36,24,0.0029718130322298,0.2272727272727272,0.1005586592178771,0.1428571428571428,0.1107622560152454,Tier 3,Cameroon,CMR
Serbia,317,5,18,31,0.0011955136182955,0.2272727272727272,0.0502793296089385,0.1845238095238095,0.1063346852985807,Tier 3,Serbia,SRB
Honduras,437,4,19,40,0.0016480739785335,0.1818181818181818,0.053072625698324,0.238095238095238,0.1014510912918918,Tier 3,Honduras,HND
Belarus,424,3,31,16,0.0015990466061744,0.1363636363636363,0.0865921787709497,0.0952380952380952,0.0730729072611561,Tier 3,Belarus,BLR
Egypt,315,3,18,21,0.0011879709456248,0.1363636363636363,0.0502793296089385,0.125,0.0701307466618473,Tier 3,Egypt,EGY
Uganda,275,3,14,14,0.0010371174922121,0.1363636363636363,0.0391061452513966,0.0833333333333333,0.0615933110816444,Tier 3,Uganda,UGA
Malawi,244,3,14,13,0.0009202060658173,0.1363636363636363,0.0391061452513966,0.0773809523809523,0.0606595349395491,Tier 3,Malawi,MWI
El Salvador,348,2,14,28,0.0013124250446903,0.0909090909090909,0.0391061452513966,0.1666666666666666,0.0605533050886482,Tier 3,El Salvador,SLV
Puerto Rico,141,2,15,25,0.0005317584232797,0.0909090909090909,0.0418994413407821,0.1488095238095238,0.0581601595604601,Tier 3,Puerto Rico,PRI
Oman,205,2,17,23,0.0007731239487399,0.0909090909090909,0.047486033519553,0.1369047619047619,0.0575762416444111,Tier 3,Oman,OMN
Ghana,212,3,7,12,0.0007995233030872,0.1363636363636363,0.0195530726256983,0.0714285714285714,0.0558138243045968,Tier 3,Ghana,GHA
Lebanon,198,2,11,20,0.0007467245943927,0.0909090909090909,0.0307262569832402,0.119047619047619,0.0515364751345556,Tier 3,Lebanon,LBN
Estonia,14,3,3,9,5.2798708694438784e-05,0.1363636363636363,0.0083798882681564,0.0535714285714285,0.0506392623964795,Tier 3,Estonia,EST
Namibia,139,2,12,14,0.000524215750609,0.0909090909090909,0.0335195530726257,0.0833333333333333,0.0466601133999655,Tier 3,Namibia,NAM
Nicaragua,46,2,9,16,0.0001734814714245,0.0909090909090909,0.0251396648044692,0.0952380952380952,0.046647093034334,Tier 3,Nicaragua,NIC
Jamaica,198,1,17,25,0.0007467245943927,0.0454545454545454,0.047486033519553,0.1488095238095238,0.0457163525197402,Tier 3,Jamaica,JAM
United Arab Emirates,90,2,3,6,0.0003394202701785,0.0909090909090909,0.0083798882681564,0.0357142857142857,0.0344246448780639,Tier 3,United Arab Emirates,ARE
Ecuador,49,2,8,2,0.0001847954804305,0.0909090909090909,0.0223463687150838,0.0119047619047619,0.033592393719609,Tier 3,Ecuador,ECU
Mauritius,119,1,14,13,0.0004487890239027,0.0454545454545454,0.0391061452513966,0.0773809523809523,0.0332218117021517,Tier 3,Mauritius,MUS
Norway,195,1,13,12,0.0007354105853868,0.0454545454545454,0.0363128491620111,0.0714285714285714,0.0318706128879369,Tier 3,Norway,NOR
Indonesia,88,1,10,13,0.0003318775975079,0.0454545454545454,0.0279329608938547,0.0773809523809523,0.0309462558314052,Tier 3,Indonesia,IDN
Cambodia,78,0,2,3,0.0002941642341547,0.0,0.0055865921787709,0.0178571428571428,0.0038988473462797,Tier 3,Cambodia,KHM
